Origin,Destination,Flights
BIKF,EDDF,1979
BIKF,EDDM,1103
BIKF,EGKK,2345
BIKF,EGLL,2432
BIKF,EHAM,2128
BIKF,EIDW,1562
BIKF,LEBL,679
BIKF,LEMD,336
BIKF,LFPG,2270
BIKF,LIRF,137
BKPR,EDDF,686
BKPR,EDDM,1154
CYEG,EHAM,387
CYHZ,EDDF,215
CYHZ,EGKK,148
CYHZ,EGLL,595
CYOW,EDDF,294
CYOW,EGLL,584
CYQB,LFPG,229
CYUL,EDDF,1411
CYUL,EDDM,668
CYUL,EGKK,213
CYUL,EGLL,1790
CYUL,EHAM,792
CYUL,EIDW,133
CYUL,LEBL,514
CYUL,LEMD,170
CYUL,LFPG,4753
CYUL,LIRF,758
CYVR,EDDF,1365
CYVR,EDDM,441
CYVR,EGKK,557
CYVR,EGLL,2064
CYVR,EHAM,771
CYVR,EIDW,195
CYVR,LFPG,665
CYYC,EDDF,907
CYYC,EGKK,511
CYYC,EGLL,1482
CYYC,EHAM,934
CYYC,LFPG,131
CYYT,EGKK,124
CYYT,EGLL,328
CYYT,EIDW,253
CYYZ,EDDF,3091
CYYZ,EDDM,1220
CYYZ,EGKK,1655
CYYZ,EGLL,5133
CYYZ,EHAM,2538
CYYZ,EIDW,1704
CYYZ,LDZA,146
CYYZ,LEBL,616
CYYZ,LEMD,516
CYYZ,LFPG,2158
CYYZ,LIRF,1246
DAAE,LFPG,134
DAAG,EDDF,1251
DAAG,EGKK,494
DAAG,EGLL,674
DAAG,LEBL,2336
DAAG,LEMD,1436
DAAG,LFPG,7697
DAAG,LIRF,1847
DABB,LFPG,287
DABC,LFPG,407
DAOI,LFPG,154
DAOO,LEBL,529
DAOO,LEMD,213
DAOO,LFPG,1411
DAOO,LIRF,154
DAUH,LEMD,259
DBBB,LFPG,675
DFFD,LFPG,374
DGAA,EGLL,950
DGAA,EHAM,940
DGAA,LFPG,358
DIAP,LFPG,1421
DNAA,EDDF,674
DNAA,EGLL,924
DNAA,LFPG,434
DNMM,EDDF,807
DNMM,EGKK,120
DNMM,EGLL,2133
DNMM,EHAM,886
DNMM,LFPG,834
DRRN,LFPG,593
DTMB,EDDF,157
DTMB,EDDM,129
DTMB,LFPG,684
DTNH,EDDF,109
DTNH,EDDM,103
DTNH,EGKK,314
DTNH,LBSF,116
DTTA,EDDF,1953
DTTA,EDDM,533
DTTA,EGKK,332
DTTA,EGLL,429
DTTA,EHAM,175
DTTA,LEBL,564
DTTA,LEMD,523
DTTA,LFPG,4737
DTTA,LIRF,2506
DTTJ,EDDF,386
DTTJ,EDDM,159
DTTJ,LFPG,1195
DTTX,LFPG,158
DXXX,LFPG,418
EBAW,EHAM,203
EBAW,LDSP,102
EBAW,LEBL,209
EBBR,BKPR,196
EBBR,EDDF,6741
EBBR,EDDM,5559
EBBR,EGKK,334
EBBR,EGLL,6940
EBBR,EHAM,4498
EBBR,EIDW,3854
EBBR,LATI,569
EBBR,LBBG,306
EBBR,LBSF,696
EBBR,LDDU,340
EBBR,LDSP,105
EBBR,LDZA,1651
EBBR,LEBL,7305
EBBR,LEMD,9055
EBBR,LFPG,2467
EBBR,LIRF,6192
EBBR,LYTV,135
EBCI,EIDW,522
EBCI,LATI,155
EBCI,LBSF,964
EBCI,LDZA,153
EBCI,LEBL,737
EBCI,LEMD,1076
EBCI,LIRF,105
EBCI,LWSK,324
EBLG,EDDF,118
EBLG,EDDM,714
EBLG,EIDW,638
EBLG,LEBL,725
EBLG,LEMD,1079
EBLG,LFPG,486
EBOS,LEBL,171
EDDB,BKPR,381
EDDB,EDDF,3326
EDDB,EDDM,3085
EDDB,EGKK,3213
EDDB,EGLL,1028
EDDB,EHAM,4154
EDDB,EIDW,1929
EDDB,LATI,168
EDDB,LBBG,206
EDDB,LBSF,772
EDDB,LDSP,310
EDDB,LEBL,3584
EDDB,LEMD,2054
EDDB,LFPG,2537
EDDB,LIRF,730
EDDB,LWSK,288
EDDC,EDDF,3886
EDDC,EDDM,3409
EDDC,EHAM,686
EDDC,LBBG,110
EDDF,BKPR,677
EDDF,EDDF,221
EDDF,EDDM,12022
EDDF,EGLL,14343
EDDF,EHAM,10024
EDDF,EIDW,5156
EDDF,LATI,1401
EDDF,LBBG,333
EDDF,LBSF,3083
EDDF,LDDU,985
EDDF,LDSP,1435
EDDF,LDZA,4313
EDDF,LEBL,6936
EDDF,LEMD,9229
EDDF,LFPG,11235
EDDF,LIRF,6009
EDDF,LQSA,242
EDDG,EDDF,2706
EDDG,EDDM,3530
EDDH,BKPR,140
EDDH,EDDF,12457
EDDH,EDDM,15468
EDDH,EGKK,1327
EDDH,EGLL,5799
EDDH,EHAM,5579
EDDH,EIDW,1410
EDDH,LATI,113
EDDH,LBBG,133
EDDH,LBSF,212
EDDH,LDSP,352
EDDH,LEBL,2083
EDDH,LEMD,1519
EDDH,LFPG,5093
EDDH,LIRF,823
EDDH,LWSK,261
EDDK,EDDF,266
EDDK,EDDM,11628
EDDK,EGKK,272
EDDK,EGLL,2154
EDDK,EHAM,404
EDDK,EIDW,1960
EDDK,LATI,151
EDDK,LBBG,207
EDDK,LBSF,1146
EDDK,LDDU,108
EDDK,LDSP,563
EDDK,LDZA,1018
EDDK,LEBL,2716
EDDK,LEMD,1758
EDDK,LFPG,3141
EDDK,LIRF,716
EDDK,LQSA,360
EDDK,LWSK,412
EDDL,BKPR,1431
EDDL,EDDF,4741
EDDL,EDDM,14958
EDDL,EGKK,419
EDDL,EGLL,7274
EDDL,EHAM,4432
EDDL,EIDW,2029
EDDL,LATI,109
EDDL,LBBG,434
EDDL,LDDU,169
EDDL,LDSP,671
EDDL,LDZA,201
EDDL,LEBL,3091
EDDL,LEMD,3373
EDDL,LFPG,6233
EDDL,LIRF,2183
EDDM,BKPR,1137
EDDM,EDDF,12303
EDDM,EDDM,174
EDDM,EGKK,1951
EDDM,EGLL,11180
EDDM,EHAM,10049
EDDM,EIDW,3608
EDDM,LATI,604
EDDM,LBBG,164
EDDM,LBSF,2514
EDDM,LDDU,784
EDDM,LDSP,1616
EDDM,LDZA,3061
EDDM,LEBL,6320
EDDM,LEMD,7585
EDDM,LFPG,9794
EDDM,LIRF,6356
EDDM,LQSA,603
EDDM,LYTV,100
EDDN,EDDF,3829
EDDN,EDDM,2417
EDDN,EGLL,112
EDDN,EHAM,2913
EDDN,LBBG,104
EDDN,LBSF,174
EDDN,LEBL,439
EDDN,LEMD,180
EDDN,LFPG,2931
EDDN,LWSK,242
EDDP,EDDF,5564
EDDP,EDDM,3659
EDDP,EGLL,301
EDDP,EHAM,1480
EDDP,EIDW,350
EDDP,LBBG,421
EDDP,LBSF,620
EDDP,LEBL,1142
EDDP,LEMD,1646
EDDP,LFPG,2404
EDDP,LIRF,609
EDDR,EDDM,207
EDDS,BKPR,1362
EDDS,EDDF,4370
EDDS,EDDM,3396
EDDS,EGKK,878
EDDS,EGLL,3692
EDDS,EHAM,4775
EDDS,EIDW,400
EDDS,LBBG,261
EDDS,LDSP,597
EDDS,LDZA,608
EDDS,LEBL,2142
EDDS,LEMD,417
EDDS,LFPG,3357
EDDS,LIRF,867
EDDS,LQSA,195
EDDT,EDDF,13299
EDDT,EDDM,13730
EDDT,EGKK,648
EDDT,EGLL,5629
EDDT,EHAM,4060
EDDT,EIDW,902
EDDT,LBSF,607
EDDT,LDDU,122
EDDT,LDSP,198
EDDT,LDZA,284
EDDT,LEBL,1072
EDDT,LEMD,1955
EDDT,LFPG,4741
EDDT,LIRF,2034
EDDV,BKPR,160
EDDV,EDDF,4566
EDDV,EDDM,6389
EDDV,EGLL,1915
EDDV,EHAM,3496
EDDV,LBBG,292
EDDV,LDSP,178
EDDV,LEBL,1059
EDDV,LFPG,3510
EDDV,LWSK,130
EDDW,EDDF,4005
EDDW,EDDM,4667
EDDW,EHAM,2739
EDDW,EIDW,158
EDDW,LFPG,1250
EDFH,EIDW,332
EDFH,LBSF,202
EDFH,LWSK,357
EDHL,EDDM,360
EDJA,BKPR,259
EDJA,EIDW,331
EDJA,LATI,221
EDJA,LBSF,657
EDJA,LWSK,457
EDLP,EDDF,459
EDLP,EDDM,2533
EDLV,EDDM,110
EDLW,BKPR,243
EDLW,EDDM,2079
EDLW,LATI,281
EDLW,LBSF,927
EDLW,LDSP,176
EDLW,LWSK,506
EDMO,EDDM,146
EDNY,EDDF,2568
EDNY,EGKK,239
EDNY,LWSK,272
EDSB,BKPR,101
EDSB,EDDM,142
EDSB,EIDW,148
EDSB,LBSF,190
EDSB,LDZA,108
EDSB,LEMD,296
EDSB,LWSK,132
EDVE,EDDF,110
EDVE,EDDM,217
EDVE,LEBL,192
EDXW,EDDF,290
EDXW,EDDM,533
EETN,EDDF,2310
EETN,EDDM,1007
EETN,EGKK,465
EETN,EHAM,1417
EETN,EIDW,143
EETN,LBBG,111
EETN,LFPG,513
EFHK,BKPR,114
EFHK,EDDF,4581
EFHK,EDDM,4462
EFHK,EGKK,1309
EFHK,EGLL,5508
EFHK,EHAM,5244
EFHK,EIDW,1016
EFHK,LBBG,209
EFHK,LDDU,450
EFHK,LDSP,585
EFHK,LDZA,101
EFHK,LEBL,1828
EFHK,LEMD,1071
EFHK,LFPG,4738
EFHK,LIRF,1866
EFIV,EGKK,206
EFKT,EGKK,319
EFKT,EHAM,138
EFKT,LFPG,101
EFRO,EGKK,408
EFRO,EIDW,162
EGAA,EGKK,5736
EGAA,EHAM,924
EGAA,LBBG,136
EGAA,LDDU,100
EGAA,LEBL,293
EGAA,LFPG,713
EGAC,EGKK,858
EGAC,EGLL,7000
EGAC,EHAM,845
EGBB,EDDF,3656
EGBB,EDDM,2160
EGBB,EGKK,162
EGBB,EHAM,7530
EGBB,EIDW,9059
EGBB,LBBG,257
EGBB,LBSF,379
EGBB,LDDU,249
EGBB,LEBL,1830
EGBB,LEMD,783
EGBB,LFPG,4655
EGBB,LIRF,495
EGBE,EDDF,133
EGBE,EIDW,139
EGCC,EDDF,3990
EGCC,EDDM,3162
EGCC,EGKK,376
EGCC,EGLL,6109
EGCC,EHAM,9397
EGCC,EIDW,9137
EGCC,LBBG,565
EGCC,LBSF,554
EGCC,LDDU,525
EGCC,LDSP,513
EGCC,LEBL,3108
EGCC,LEMD,1267
EGCC,LFPG,6251
EGCC,LIRF,733
EGCC,LYTV,123
EGCN,EHAM,441
EGCN,EIDW,439
EGCN,LBBG,124
EGCN,LFPG,345
EGFF,EDDM,206
EGFF,EHAM,2196
EGFF,EIDW,1675
EGFF,LBBG,135
EGFF,LEBL,147
EGFF,LFPG,659
EGFF,LIRF,122
EGGD,EDDF,1365
EGGD,EDDM,848
EGGD,EHAM,4703
EGGD,EIDW,4640
EGGD,LBBG,149
EGGD,LBSF,187
EGGD,LDDU,224
EGGD,LDSP,276
EGGD,LEBL,1417
EGGD,LEMD,901
EGGD,LFPG,1740
EGGD,LIRF,712
EGGP,EHAM,1885
EGGP,EIDW,3487
EGGP,LBSF,208
EGGP,LEBL,1536
EGGP,LEMD,615
EGGP,LFPG,586
EGGP,LIRF,243
EGGW,BKPR,402
EGGW,EDDF,395
EGGW,EDDM,773
EGGW,EGKK,187
EGGW,EHAM,6020
EGGW,EIDW,3025
EGGW,LATI,767
EGGW,LBBG,696
EGGW,LBSF,2271
EGGW,LDDU,136
EGGW,LDSP,621
EGGW,LEBL,3079
EGGW,LEMD,1132
EGGW,LFPG,2464
EGGW,LIRF,729
EGGW,LWSK,538
EGHH,EIDW,218
EGHI,EDDM,427
EGHI,EHAM,3048
EGHI,EIDW,2246
EGHI,LFPG,695
EGHQ,EGKK,1765
EGHQ,EGLL,448
EGHQ,EIDW,575
EGJB,EGKK,4684
EGJJ,EGKK,5851
EGJJ,EGLL,1092
EGJJ,EIDW,326
EGKB,EDDF,106
EGKB,EDDM,168
EGKB,EHAM,311
EGKB,EIDW,211
EGKB,LEBL,128
EGKB,LEMD,159
EGKK,EDDM,1936
EGKK,EGKK,191
EGKK,EHAM,8001
EGKK,EIDW,10324
EGKK,LATI,679
EGKK,LBBG,329
EGKK,LBSF,1230
EGKK,LDDU,1568
EGKK,LDSP,1208
EGKK,LEBL,10611
EGKK,LEMD,7412
EGKK,LFPG,3312
EGKK,LIRF,5460
EGKK,LYTV,239
EGLC,EDDF,4418
EGLC,EDDM,423
EGLC,EHAM,9492
EGLC,EIDW,7201
EGLC,LEBL,110
EGLC,LEMD,457
EGLC,LIRF,462
EGLF,EDDF,128
EGLF,EDDM,251
EGLF,EHAM,493
EGLF,EIDW,483
EGLF,LEBL,170
EGLF,LEMD,321
EGLL,EDDF,14378
EGLL,EDDM,11192
EGLL,EGLL,138
EGLL,EHAM,15253
EGLL,EIDW,15738
EGLL,LATI,299
EGLL,LBSF,1509
EGLL,LDDU,130
EGLL,LDSP,404
EGLL,LDZA,1520
EGLL,LEBL,6166
EGLL,LEMD,10737
EGLL,LFPG,11676
EGLL,LIRF,7584
EGMC,EHAM,1294
EGMC,EIDW,675
EGMC,LEBL,395
EGMC,LEMD,214
EGMC,LFPG,288
EGNJ,EHAM,2034
EGNM,EGLL,1402
EGNM,EHAM,3144
EGNM,EIDW,3123
EGNM,LDDU,131
EGNM,LDSP,106
EGNM,LEBL,481
EGNM,LFPG,460
EGNM,LIRF,184
EGNO,EDDM,132
EGNS,EGKK,1533
EGNS,EGLL,302
EGNS,EIDW,1776
EGNT,EDDF,181
EGNT,EGLL,4312
EGNT,EHAM,3796
EGNT,EIDW,2547
EGNT,LBBG,266
EGNT,LDDU,140
EGNT,LEBL,512
EGNT,LFPG,2664
EGNT,LIRF,148
EGNV,EGLL,223
EGNV,EHAM,1941
EGNX,EHAM,1132
EGNX,EIDW,2652
EGNX,LBBG,173
EGNX,LDDU,129
EGNX,LEBL,607
EGNX,LEMD,1124
EGNX,LFPG,832
EGPD,EDDF,809
EGPD,EGKK,1198
EGPD,EGLL,6779
EGPD,EHAM,3877
EGPD,EIDW,1075
EGPD,LFPG,1405
EGPE,EGKK,2193
EGPE,EGLL,1072
EGPE,EHAM,1026
EGPE,EIDW,541
EGPF,EDDF,634
EGPF,EDDM,184
EGPF,EGKK,5236
EGPF,EGLL,7403
EGPF,EHAM,3915
EGPF,EIDW,5840
EGPF,LBBG,163
EGPF,LDSP,122
EGPF,LEBL,315
EGPF,LFPG,1063
EGPF,LIRF,192
EGPH,EDDF,1629
EGPH,EDDM,1030
EGPH,EGKK,5695
EGPH,EGLL,10226
EGPH,EHAM,5763
EGPH,EIDW,7162
EGPH,LBSF,196
EGPH,LDDU,252
EGPH,LEBL,1256
EGPH,LEMD,1293
EGPH,LFPG,3723
EGPK,LEBL,415
EGPK,LFPG,241
EGSH,EHAM,2739
EGSS,EDDF,1869
EGSS,EDDM,956
EGSS,EGKK,242
EGSS,EHAM,3023
EGSS,EIDW,7645
EGSS,LATI,114
EGSS,LBSF,1698
EGSS,LDDU,395
EGSS,LDSP,254
EGSS,LDZA,250
EGSS,LEBL,3588
EGSS,LEMD,3391
EGSS,LFPG,1580
EGTE,EHAM,680
EGTE,EIDW,645
EGTE,LFPG,737
EGWU,EHAM,134
EGWU,EIDW,157
EHAM,EDDF,10702
EHAM,EDDM,10215
EHAM,EGKK,7991
EHAM,EGLL,15210
EHAM,EHAM,284
EHAM,EIDW,9898
EHAM,LATI,122
EHAM,LBBG,227
EHAM,LBSF,1220
EHAM,LDDU,284
EHAM,LDSP,712
EHAM,LDZA,2202
EHAM,LEBL,10445
EHAM,LEMD,8468
EHAM,LFPG,11232
EHAM,LIRF,8428
EHBK,EHAM,136
EHEH,EDDM,256
EHEH,EHAM,199
EHEH,EIDW,713
EHEH,LATI,115
EHEH,LBSF,1029
EHEH,LEBL,1165
EHEH,LEMD,471
EHEH,LIRF,258
EHEH,LWSK,317
EHRD,EDDM,558
EHRD,EHAM,277
EHRD,LDDU,115
EHRD,LDSP,297
EHRD,LEBL,986
EHRD,LIRF,578
EICK,EDDM,105
EICK,EGKK,851
EICK,EGLL,3403
EICK,EHAM,1773
EICK,EIDW,116
EICK,LEBL,179
EICK,LFPG,929
EIDL,EIDW,1962
EIDW,EDDF,5333
EIDW,EDDM,3605
EIDW,EGKK,10348
EIDW,EGLL,15719
EIDW,EHAM,9876
EIDW,EIDW,103
EIDW,LBBG,338
EIDW,LBSF,366
EIDW,LDDU,518
EIDW,LDSP,284
EIDW,LDZA,218
EIDW,LEBL,4383
EIDW,LEMD,4098
EIDW,LFPG,7464
EIDW,LIRF,1598
EIKN,EGKK,721
EIKY,EIDW,2031
EINN,EGKK,848
EINN,EGLL,2363
EINN,EIDW,1132
EINN,LFPG,599
EKAH,EDDM,156
EKBI,EDDF,3278
EKBI,EDDM,501
EKBI,EGLL,768
EKBI,EHAM,4413
EKBI,EIDW,116
EKBI,LEBL,310
EKBI,LFPG,1760
EKCH,EDDF,6419
EKCH,EDDM,5734
EKCH,EGKK,5800
EKCH,EGLL,8687
EKCH,EHAM,10489
EKCH,EIDW,2168
EKCH,LBBG,193
EKCH,LBSF,417
EKCH,LDDU,144
EKCH,LDSP,686
EKCH,LDZA,1017
EKCH,LEBL,3330
EKCH,LEMD,2260
EKCH,LFPG,8341
EKCH,LIRF,2644
EKCH,LWSK,254
EKYT,EDDF,248
EKYT,EGKK,151
EKYT,EHAM,2997
EKYT,LEBL,106
ELLX,EDDF,3546
ELLX,EDDM,4714
ELLX,EGKK,445
ELLX,EGLL,1455
ELLX,EHAM,3268
ELLX,EIDW,939
ELLX,LEBL,1347
ELLX,LEMD,1208
ELLX,LFPG,2671
ELLX,LIRF,923
ENAL,EHAM,1302
ENBR,EDDF,331
ENBR,EDDM,103
ENBR,EGKK,1503
ENBR,EGLL,733
ENBR,EHAM,3632
ENBR,LDSP,130
ENBR,LEBL,216
ENBR,LFPG,369
ENBR,LIRF,132
ENCN,EHAM,2024
ENGM,BKPR,206
ENGM,EDDF,4748
ENGM,EDDM,3544
ENGM,EGKK,3006
ENGM,EGLL,6517
ENGM,EHAM,7151
ENGM,EIDW,1017
ENGM,LBBG,219
ENGM,LDDU,278
ENGM,LDSP,646
ENGM,LEBL,2030
ENGM,LEMD,705
ENGM,LFPG,4243
ENGM,LIRF,1212
ENRY,EIDW,114
ENTC,EDDF,147
ENTC,EGKK,179
ENTO,EHAM,1491
ENTO,LWSK,223
ENVA,EGKK,495
ENVA,EHAM,2177
ENVA,LDSP,132
ENZV,EDDF,580
ENZV,EGKK,827
ENZV,EGLL,1497
ENZV,EHAM,3831
ENZV,LDSP,120
ENZV,LEBL,150
ENZV,LFPG,189
EPBY,EDDF,467
EPBY,EIDW,313
EPGD,EDDF,1670
EPGD,EDDM,2290
EPGD,EGKK,112
EPGD,EHAM,1641
EPGD,EIDW,591
EPGD,LBBG,235
EPGD,LEBL,213
EPKK,EDDF,3434
EPKK,EDDM,2614
EPKK,EGKK,1202
EPKK,EGLL,653
EPKK,EHAM,2293
EPKK,EIDW,1183
EPKK,LBBG,202
EPKK,LEBL,484
EPKK,LEMD,438
EPKK,LFPG,1224
EPKK,LIRF,260
EPKT,EDDF,1993
EPKT,EDDM,254
EPKT,EHAM,210
EPKT,EIDW,369
EPKT,LATI,336
EPKT,LBBG,991
EPKT,LDSP,116
EPKT,LEBL,483
EPKT,LEMD,233
EPKT,LFPG,852
EPLB,EDDM,207
EPLB,EIDW,196
EPLL,EDDM,571
EPLL,EHAM,161
EPLL,EIDW,275
EPMO,EIDW,975
EPMO,LBBG,114
EPMO,LEBL,633
EPMO,LEMD,597
EPPO,EDDF,1877
EPPO,EDDM,1967
EPPO,EHAM,184
EPPO,EIDW,533
EPPO,LBBG,355
EPPO,LEBL,132
EPRZ,EDDF,280
EPRZ,EDDM,658
EPRZ,EIDW,392
EPSC,EIDW,277
EPWA,EDDF,5929
EPWA,EDDM,5116
EPWA,EGKK,217
EPWA,EGLL,4363
EPWA,EHAM,5682
EPWA,EIDW,316
EPWA,LATI,370
EPWA,LBBG,837
EPWA,LBSF,1869
EPWA,LDDU,375
EPWA,LDSP,288
EPWA,LDZA,1095
EPWA,LEBL,1687
EPWA,LEMD,1063
EPWA,LFPG,6119
EPWA,LIRF,1524
EPWA,LWSK,327
EPWR,EDDF,2566
EPWR,EDDM,2164
EPWR,EHAM,369
EPWR,EIDW,685
EPWR,LBBG,259
EPWR,LEMD,115
EPWR,LFPG,211
ESGG,EDDF,3653
ESGG,EDDM,2343
ESGG,EGKK,938
ESGG,EGLL,2220
ESGG,EHAM,4452
ESGG,LDSP,384
ESGG,LEBL,680
ESGG,LFPG,2031
ESGG,LIRF,168
ESGG,LWSK,415
ESGJ,EDDF,753
ESKN,LEBL,293
ESKN,LWSK,276
ESMS,BKPR,164
ESMS,EGKK,118
ESMS,LWSK,616
ESMX,EHAM,200
ESMX,LWSK,104
ESSA,EDDF,6206
ESSA,EDDM,4531
ESSA,EGKK,3305
ESSA,EGLL,8472
ESSA,EHAM,7367
ESSA,EIDW,1141
ESSA,LBBG,135
ESSA,LDDU,292
ESSA,LDSP,828
ESSA,LDZA,110
ESSA,LEBL,2413
ESSA,LEMD,1350
ESSA,LFPG,5538
ESSA,LIRF,1651
ESSA,LQSA,141
ESSL,EHAM,2130
ESSP,EDDM,397
ETNL,EDDM,698
EVRA,EDDF,2580
EVRA,EDDM,1462
EVRA,EGKK,1424
EVRA,EHAM,1857
EVRA,EIDW,990
EVRA,LBBG,200
EVRA,LDDU,130
EVRA,LEBL,848
EVRA,LEMD,211
EVRA,LFPG,1386
EVRA,LIRF,525
EYKA,EIDW,627
EYVI,EDDF,1868
EYVI,EDDM,329
EYVI,EHAM,965
EYVI,EIDW,539
EYVI,LEBL,694
EYVI,LEMD,266
EYVI,LFPG,439
EYVI,LIRF,189
FACT,EDDF,606
FACT,EDDM,365
FACT,EGKK,167
FACT,EGLL,1343
FACT,EHAM,889
FACT,LFPG,277
FAOR,EDDF,1484
FAOR,EDDM,556
FAOR,EGLL,3769
FAOR,EHAM,1011
FAOR,LEMD,154
FAOR,LFPG,941
FAOR,LIRF,137
FCBB,LFPG,561
FCPP,LFPG,558
FGSL,LEMD,572
FIMP,EDDF,574
FIMP,EGKK,490
FIMP,EGLL,426
FIMP,LFPG,1573
FKKD,LFPG,860
FKYS,LFPG,636
FMCZ,LFPG,165
FMEE,LFPG,1375
FMMI,LFPG,763
FNLU,EDDF,368
FNLU,EGLL,113
FNLU,EHAM,232
FNLU,LFPG,382
FOOL,LFPG,804
FSIA,EDDF,156
FSIA,LFPG,236
FTTJ,LFPG,338
FYWH,EDDF,949
FZAA,LFPG,494
GABS,LFPG,917
GBYD,EGKK,320
GBYD,EHAM,394
GBYD,LEBL,231
GCFV,EDDF,1396
GCFV,EDDM,1070
GCFV,EGKK,1579
GCFV,EHAM,812
GCFV,EIDW,678
GCFV,LEBL,1206
GCFV,LEMD,2707
GCFV,LFPG,550
GCFV,LIRF,248
GCLA,EDDF,203
GCLA,EDDM,119
GCLA,EGKK,218
GCLA,EHAM,217
GCLA,LEBL,233
GCLA,LEMD,1129
GCLP,EDDF,1743
GCLP,EDDM,1430
GCLP,EGKK,1996
GCLP,EGLL,307
GCLP,EHAM,2144
GCLP,EIDW,1084
GCLP,LEBL,3521
GCLP,LEMD,12189
GCLP,LFPG,300
GCLP,LIRF,177
GCRR,EDDF,683
GCRR,EDDM,382
GCRR,EGKK,2866
GCRR,EHAM,880
GCRR,EIDW,2668
GCRR,LEBL,1506
GCRR,LEMD,3897
GCRR,LFPG,432
GCRR,LIRF,144
GCTS,EDDF,1548
GCTS,EDDM,1289
GCTS,EGKK,4939
GCTS,EGLL,375
GCTS,EHAM,1737
GCTS,EIDW,1583
GCTS,LEBL,781
GCTS,LEMD,2541
GCTS,LFPG,445
GCTS,LIRF,458
GCXO,LEBL,4143
GCXO,LEMD,11294
GEML,LEMD,2534
GMAD,EDDF,293
GMAD,EDDM,262
GMAD,EGKK,638
GMAD,EHAM,241
GMAD,EIDW,120
GMAD,LFPG,168
GMFF,EHAM,180
GMFF,LEBL,669
GMFF,LEMD,273
GMFF,LFPG,301
GMFO,LFPG,282
GMME,EGLL,116
GMME,LEMD,651
GMME,LFPG,2029
GMMN,EDDF,1302
GMMN,EDDM,220
GMMN,EGKK,675
GMMN,EGLL,957
GMMN,EHAM,1218
GMMN,LEBL,1926
GMMN,LEMD,3441
GMMN,LFPG,5385
GMMN,LIRF,1624
GMMW,EHAM,782
GMMW,LEBL,986
GMMX,EDDF,489
GMMX,EDDM,334
GMMX,EGKK,2466
GMMX,EGLL,162
GMMX,EHAM,801
GMMX,EIDW,219
GMMX,LEBL,1144
GMMX,LEMD,2666
GMMX,LFPG,2047
GMTT,EGKK,294
GMTT,EHAM,708
GMTT,LEBL,1506
GMTT,LEMD,2178
GMTT,LFPG,506
GOBD,EDDF,212
GOBD,LEBL,221
GOBD,LEMD,587
GOBD,LFPG,1173
GOOY,EDDF,245
GOOY,LEMD,352
GOOY,LFPG,355
GQNO,LFPG,377
GUCY,LFPG,560
GVAC,EDDF,137
GVAC,EDDM,109
GVAC,EGKK,385
GVAC,EHAM,674
GVAC,LFPG,321
GVAC,LIRF,120
GVBA,EGKK,375
HAAB,EDDF,1114
HAAB,EGLL,1089
HAAB,EIDW,2125
HAAB,LEMD,143
HAAB,LFPG,949
HAAB,LIRF,1009
HDAM,LFPG,148
HECA,EDDF,2971
HECA,EDDM,1449
HECA,EGLL,2976
HECA,EHAM,1224
HECA,LEBL,736
HECA,LEMD,1198
HECA,LFPG,2369
HECA,LIRF,2784
HEGN,EDDF,1665
HEGN,EDDM,1719
HEGN,EGKK,1017
HEGN,EHAM,980
HEGN,LBSF,101
HEGN,LFPG,234
HELX,LFPG,197
HEMA,EDDF,440
HEMA,EDDM,348
HEMA,EGKK,121
HEMA,EHAM,264
HEMA,LIRF,109
HESH,EDDF,121
HESH,EDDM,130
HESH,EGKK,522
HESH,LIRF,403
HKJK,EDDF,876
HKJK,EGLL,1958
HKJK,EHAM,3870
HKJK,LFPG,1589
HKMO,EDDF,239
HKMO,LIRF,101
HTDA,EHAM,898
HTZA,EDDF,145
HUEN,EHAM,871
KATL,EDDF,2437
KATL,EDDM,791
KATL,EGLL,3967
KATL,EHAM,3919
KATL,EIDW,445
KATL,LEBL,414
KATL,LEMD,655
KATL,LFPG,3747
KATL,LIRF,1121
KAUS,EDDF,172
KAUS,EGLL,876
KBDL,EIDW,334
KBNA,EGLL,314
KBOS,EDDF,1260
KBOS,EDDM,806
KBOS,EGKK,482
KBOS,EGLL,5146
KBOS,EHAM,1569
KBOS,EIDW,2114
KBOS,LEBL,158
KBOS,LEMD,600
KBOS,LFPG,2085
KBOS,LIRF,772
KBWI,EDDF,116
KBWI,EGLL,748
KCLT,EDDF,736
KCLT,EDDM,1039
KCLT,EGLL,1674
KCLT,EIDW,379
KCLT,LEBL,285
KCLT,LEMD,381
KCLT,LFPG,332
KCLT,LIRF,392
KCVG,EGLL,279
KCVG,LFPG,591
KDEN,EDDF,1230
KDEN,EDDM,756
KDEN,EGKK,105
KDEN,EGLL,1235
KDFW,EDDF,2482
KDFW,EGLL,3737
KDFW,EHAM,679
KDFW,EIDW,154
KDFW,LEMD,1066
KDFW,LFPG,1149
KDFW,LIRF,370
KDTW,EDDF,1492
KDTW,EDDM,341
KDTW,EGLL,1252
KDTW,EHAM,2806
KDTW,LFPG,1847
KDTW,LIRF,322
KEWR,EDDF,2104
KEWR,EDDM,1710
KEWR,EGLL,6852
KEWR,EHAM,1311
KEWR,EIDW,1804
KEWR,LEBL,1005
KEWR,LEMD,819
KEWR,LFPG,2529
KEWR,LIRF,1034
KFLL,EGKK,314
KFLL,LFPG,144
KGSP,EDDF,113
KIAD,EDDF,3085
KIAD,EDDM,1554
KIAD,EGLL,5034
KIAD,EHAM,1503
KIAD,EIDW,1435
KIAD,LEBL,316
KIAD,LEMD,433
KIAD,LFPG,2177
KIAD,LIRF,469
KIAH,EDDF,2149
KIAH,EDDM,598
KIAH,EGLL,3262
KIAH,EHAM,1851
KIAH,LFPG,993
KIND,LFPG,899
KJFK,EDDF,4052
KJFK,EDDM,733
KJFK,EGKK,2000
KJFK,EGLL,16886
KJFK,EHAM,3999
KJFK,EIDW,2989
KJFK,LEBL,1816
KJFK,LEMD,4134
KJFK,LFPG,7012
KJFK,LIRF,3529
KLAS,EDDF,418
KLAS,EGKK,695
KLAS,EGLL,1270
KLAS,EHAM,153
KLAX,EDDF,1907
KLAX,EDDM,891
KLAX,EGKK,551
KLAX,EGLL,7504
KLAX,EHAM,1577
KLAX,EIDW,709
KLAX,LEBL,309
KLAX,LEMD,539
KLAX,LFPG,3198
KLAX,LIRF,565
KMCO,EDDF,821
KMCO,EGKK,2401
KMCO,EGLL,418
KMCO,EHAM,236
KMCO,EIDW,439
KMEM,LFPG,1882
KMIA,EDDF,1009
KMIA,EDDM,364
KMIA,EGKK,108
KMIA,EGLL,4762
KMIA,EHAM,2381
KMIA,EIDW,155
KMIA,LEBL,866
KMIA,LEMD,3390
KMIA,LFPG,1801
KMIA,LIRF,773
KMSP,EDDF,105
KMSP,EGLL,764
KMSP,EHAM,2323
KMSP,LFPG,1134
KMSY,EGLL,328
KOAK,EGKK,291
KOAK,LEBL,191
KORD,EDDF,4776
KORD,EDDM,1899
KORD,EGKK,135
KORD,EGLL,7410
KORD,EHAM,2648
KORD,EIDW,2456
KORD,LEBL,324
KORD,LEMD,899
KORD,LFPG,2644
KORD,LIRF,1082
KPDX,EDDF,153
KPDX,EGLL,231
KPDX,EHAM,712
KPHL,EDDF,1100
KPHL,EDDM,479
KPHL,EGLL,2861
KPHL,EHAM,842
KPHL,EIDW,1223
KPHL,LEBL,389
KPHL,LEMD,720
KPHL,LFPG,1566
KPHL,LIRF,789
KPHX,EGLL,1119
KPIT,EGLL,147
KPIT,LFPG,180
KPVD,EIDW,156
KRDU,EGLL,727
KRDU,LFPG,486
KSAN,EDDF,172
KSAN,EGLL,806
KSEA,EDDF,1322
KSEA,EGKK,108
KSEA,EGLL,2440
KSEA,EHAM,1361
KSEA,EIDW,209
KSEA,LFPG,1020
KSFB,EGKK,100
KSFO,EDDF,2407
KSFO,EDDM,1248
KSFO,EGLL,4913
KSFO,EHAM,1187
KSFO,EIDW,766
KSFO,LEBL,131
KSFO,LFPG,2010
KSJC,EDDF,146
KSJC,EGLL,542
KSLC,EGLL,427
KSLC,EHAM,849
KSLC,LFPG,698
KSWF,EIDW,335
KTPA,EDDF,471
KTPA,EGKK,791
LATI,BKPR,185
LATI,EDDF,1390
LATI,EDDM,594
LATI,EGKK,718
LATI,EGLL,324
LATI,EHAM,125
LATI,LEBL,138
LATI,LIRF,3034
LBBG,EDDF,349
LBBG,EDDM,166
LBBG,EGKK,322
LBBG,EHAM,351
LBBG,EIDW,332
LBBG,LBSF,506
LBSF,EDDF,3101
LBSF,EDDM,2520
LBSF,EGKK,1272
LBSF,EGLL,1511
LBSF,EHAM,1215
LBSF,EIDW,362
LBSF,LATI,142
LBSF,LBBG,496
LBSF,LBSF,133
LBSF,LEBL,1128
LBSF,LEMD,1388
LBSF,LFPG,1319
LBSF,LIRF,1282
LBSF,LWSK,302
LBWN,EDDF,372
LBWN,EDDM,228
LBWN,EGKK,117
LBWN,LBBG,297
LBWN,LBSF,2970
LCLK,EDDF,749
LCLK,EDDM,866
LCLK,EGKK,1936
LCLK,EGLL,2260
LCLK,EHAM,318
LCLK,LBSF,793
LCLK,LFPG,304
LCLK,LIRF,221
LCPH,EGKK,2473
LCPH,EHAM,254
LCPH,EIDW,145
LCPH,LBSF,178
LDDU,EDDF,985
LDDU,EDDM,795
LDDU,EGKK,1576
LDDU,EGLL,131
LDDU,EHAM,281
LDDU,EIDW,520
LDDU,LDSP,280
LDDU,LDZA,3535
LDDU,LEBL,603
LDDU,LEMD,498
LDDU,LFPG,513
LDDU,LIRF,627
LDLO,LDZA,272
LDOS,LDZA,714
LDPL,EDDF,288
LDPL,EDDM,161
LDPL,EGKK,322
LDPL,EHAM,123
LDPL,EIDW,121
LDPL,LDDU,100
LDPL,LDSP,235
LDPL,LDZA,504
LDRI,EDDM,255
LDRI,LDSP,217
LDSB,LDZA,137
LDSP,EDDF,1440
LDSP,EDDM,1628
LDSP,EGKK,1214
LDSP,EGLL,414
LDSP,EHAM,722
LDSP,EIDW,281
LDSP,LDDU,339
LDSP,LDZA,3489
LDSP,LEBL,305
LDSP,LFPG,381
LDSP,LIRF,1410
LDZA,EDDF,4291
LDZA,EDDM,3056
LDZA,EGLL,1509
LDZA,EHAM,2199
LDZA,EIDW,220
LDZA,LDDU,3469
LDZA,LDSP,3584
LDZA,LEBL,378
LDZA,LEMD,222
LDZA,LFPG,1971
LDZA,LIRF,107
LDZA,LQSA,2015
LDZA,LWSK,1032
LDZD,EDDF,297
LDZD,EDDM,221
LDZD,EIDW,194
LDZD,LDZA,822
LEAL,EDDF,612
LEAL,EDDM,515
LEAL,EGKK,5802
LEAL,EHAM,3423
LEAL,EIDW,1749
LEAL,LBSF,218
LEAL,LEBL,3441
LEAL,LEMD,5132
LEAL,LFPG,313
LEAL,LIRF,607
LEAM,EGKK,919
LEAM,EIDW,130
LEAM,LEBL,900
LEAM,LEMD,3430
LEAS,EGKK,297
LEAS,EGLL,128
LEAS,LEBL,2387
LEAS,LEMD,4673
LEAS,LFPG,158
LEBB,EDDF,2297
LEBB,EDDM,2694
LEBB,EGKK,1299
LEBB,EGLL,938
LEBB,EHAM,2452
LEBB,EIDW,524
LEBB,LEBL,5445
LEBB,LEMD,8558
LEBB,LFPG,2733
LEBB,LIRF,238
LEBG,LEBL,204
LEBL,EDDF,6924
LEBL,EDDM,6320
LEBL,EGKK,10628
LEBL,EGLL,6151
LEBL,EHAM,10429
LEBL,EIDW,4362
LEBL,LATI,138
LEBL,LBSF,1127
LEBL,LDDU,604
LEBL,LDSP,304
LEBL,LDZA,377
LEBL,LEBL,404
LEBL,LEMD,19550
LEBL,LFPG,10586
LEBL,LIRF,9746
LEBL,LWSK,153
LEBZ,LEBL,530
LEBZ,LEMD,915
LECO,EGLL,620
LECO,LEBL,2272
LECO,LEMD,6803
LEGE,EGKK,118
LEGE,EHAM,393
LEGE,EIDW,260
LEGR,EGKK,214
LEGR,LEBL,3159
LEGR,LEMD,3495
LEIB,EDDF,682
LEIB,EDDM,990
LEIB,EGKK,2255
LEIB,EGLL,637
LEIB,EHAM,2612
LEIB,EIDW,398
LEIB,LEBL,10400
LEIB,LEMD,8441
LEIB,LFPG,320
LEIB,LIRF,1183
LEJR,EDDF,520
LEJR,EDDM,293
LEJR,LEBL,1360
LEJR,LEMD,3495
LELC,EGKK,680
LELC,EIDW,446
LELC,LEMD,193
LELN,LEBL,608
LEMD,EDDF,9225
LEMD,EDDM,7591
LEMD,EGKK,7406
LEMD,EGLL,10779
LEMD,EHAM,8406
LEMD,EIDW,4092
LEMD,LBSF,1360
LEMD,LDDU,496
LEMD,LDZA,214
LEMD,LEBL,19486
LEMD,LEMD,198
LEMD,LFPG,9730
LEMD,LIRF,9501
LEMG,EDDF,1763
LEMG,EDDM,1312
LEMG,EGKK,7822
LEMG,EGLL,1075
LEMG,EHAM,4769
LEMG,EIDW,3885
LEMG,LBSF,333
LEMG,LEBL,5982
LEMG,LEMD,5863
LEMG,LFPG,3367
LEMG,LIRF,1974
LEMH,EDDF,162
LEMH,EDDM,169
LEMH,EGKK,1877
LEMH,EGLL,107
LEMH,EHAM,221
LEMH,LEBL,7644
LEMH,LEMD,3595
LEMH,LFPG,189
LEMH,LIRF,240
LEMI,EGKK,552
LEMI,EIDW,181
LEPA,EDDF,6434
LEPA,EDDM,5764
LEPA,EGKK,5131
LEPA,EGLL,1129
LEPA,EHAM,2187
LEPA,EIDW,1337
LEPA,LBSF,167
LEPA,LEBL,19535
LEPA,LEMD,17446
LEPA,LFPG,651
LEPA,LIRF,380
LEPP,EDDF,183
LEPP,LEMD,2999
LERJ,LEMD,588
LERS,EGKK,243
LERS,EIDW,869
LESO,LEBL,1239
LESO,LEMD,3862
LEST,EDDF,246
LEST,EGKK,437
LEST,EHAM,236
LEST,EIDW,372
LEST,LEBL,3433
LEST,LEMD,5390
LEST,LFPG,341
LEST,LIRF,176
LEVC,EDDF,2148
LEVC,EDDM,679
LEVC,EGKK,2453
LEVC,EGLL,348
LEVC,EHAM,3022
LEVC,EIDW,336
LEVC,LBSF,366
LEVC,LEBL,1874
LEVC,LEMD,6633
LEVC,LFPG,2284
LEVC,LIRF,1399
LEVD,LEBL,1210
LEVT,LEBL,253
LEVT,LEMD,138
LEVT,LFPG,212
LEVX,LEBL,1860
LEVX,LEMD,6789
LEVX,LFPG,146
LEXJ,EIDW,238
LEXJ,LEBL,1274
LEXJ,LEMD,3772
LEXJ,LIRF,114
LEZL,EDDF,589
LEZL,EDDM,560
LEZL,EGKK,1790
LEZL,EHAM,1128
LEZL,EIDW,327
LEZL,LEBL,7562
LEZL,LEMD,3976
LEZL,LFPG,1592
LEZL,LIRF,842
LFBD,EDDF,447
LFBD,EDDM,156
LFBD,EGKK,2596
LFBD,EHAM,3266
LFBD,EIDW,807
LFBD,LDDU,115
LFBD,LEBL,1337
LFBD,LEMD,1931
LFBD,LFPG,6850
LFBD,LIRF,427
LFBH,EGKK,187
LFBH,EIDW,180
LFBO,EDDF,2442
LFBO,EDDM,3097
LFBO,EGKK,2020
LFBO,EGLL,2294
LFBO,EHAM,3206
LFBO,EIDW,558
LFBO,LDSP,105
LFBO,LEBL,271
LFBO,LEMD,4073
LFBO,LFPG,9433
LFBO,LIRF,1121
LFBP,LFPG,2738
LFBT,EIDW,256
LFBT,LIRF,105
LFBZ,EGKK,162
LFBZ,EIDW,268
LFBZ,LEMD,259
LFBZ,LFPG,2942
LFKB,EDDM,160
LFKB,LFPG,474
LFKF,LFPG,316
LFKJ,LFPG,730
LFLB,EGKK,383
LFLC,EHAM,346
LFLC,LFPG,3358
LFLL,EDDF,3206
LFLL,EDDM,2925
LFLL,EGKK,1993
LFLL,EGLL,2307
LFLL,EHAM,3533
LFLL,EIDW,932
LFLL,LDDU,139
LFLL,LDSP,186
LFLL,LEBL,2396
LFLL,LEMD,3045
LFLL,LFPG,5991
LFLL,LIRF,2014
LFLS,EGKK,997
LFLS,EGLL,111
LFMD,EDDM,107
LFMD,EHAM,455
LFMK,EIDW,364
LFML,EDDF,2039
LFML,EDDM,2880
LFML,EGKK,1206
LFML,EGLL,2320
LFML,EHAM,2735
LFML,EIDW,265
LFML,LDDU,101
LFML,LEBL,946
LFML,LEMD,3047
LFML,LFPG,8617
LFML,LIRF,1698
LFMN,EDDF,3247
LFMN,EDDM,3411
LFMN,EGKK,4892
LFMN,EGLL,5008
LFMN,EHAM,5001
LFMN,EIDW,1359
LFMN,LBSF,263
LFMN,LEBL,2610
LFMN,LEMD,2536
LFMN,LFPG,9333
LFMN,LIRF,3443
LFMP,EIDW,202
LFMT,EGKK,1133
LFMT,EHAM,847
LFMT,LFPG,4573
LFMT,LIRF,116
LFOB,EIDW,1559
LFOB,LATI,105
LFOB,LBSF,585
LFOB,LEBL,1263
LFOB,LEMD,738
LFOB,LIRF,160
LFOB,LWSK,255
LFOT,EIDW,110
LFPB,EDDF,290
LFPB,EDDM,482
LFPB,EHAM,604
LFPB,EIDW,248
LFPB,LEBL,502
LFPB,LEMD,628
LFPB,LFPG,110
LFPG,EDDF,11387
LFPG,EDDM,9620
LFPG,EGKK,3305
LFPG,EGLL,11252
LFPG,EHAM,11205
LFPG,EIDW,7280
LFPG,LBSF,1317
LFPG,LDDU,503
LFPG,LDSP,377
LFPG,LDZA,1872
LFPG,LEBL,10638
LFPG,LEMD,9763
LFPG,LFPG,186
LFPG,LIRF,10141
LFPO,EDDM,587
LFPO,EGKK,347
LFPO,EGLL,1216
LFPO,EHAM,1016
LFPO,EIDW,977
LFPO,LATI,137
LFPO,LDDU,240
LFPO,LDSP,241
LFPO,LEBL,8200
LFPO,LEMD,10336
LFPO,LFPG,109
LFPO,LIRF,5527
LFQQ,LEBL,156
LFRB,LFPG,3397
LFRH,LFPG,393
LFRN,EGKK,103
LFRN,EHAM,772
LFRN,LEBL,412
LFRN,LEMD,136
LFRN,LFPG,2765
LFRS,EDDF,199
LFRS,EDDM,528
LFRS,EGKK,1265
LFRS,EHAM,2264
LFRS,EIDW,666
LFRS,LDDU,198
LFRS,LDSP,187
LFRS,LEBL,1369
LFRS,LEMD,1856
LFRS,LFPG,4255
LFRS,LIRF,557
LFSB,BKPR,2731
LFSB,EDDF,3424
LFSB,EDDM,3392
LFSB,EGKK,2229
LFSB,EGLL,2634
LFSB,EHAM,4773
LFSB,EIDW,417
LFSB,LATI,131
LFSB,LBSF,212
LFSB,LDSP,401
LFSB,LEBL,2576
LFSB,LEMD,1275
LFSB,LFPG,3684
LFSB,LIRF,849
LFSB,LWSK,905
LFST,EDDM,200
LFST,EHAM,2033
LFST,LEMD,697
LFTH,LFPG,369
LGAV,EDDF,4147
LGAV,EDDM,4788
LGAV,EGKK,1759
LGAV,EGLL,6153
LGAV,EHAM,3762
LGAV,EIDW,688
LGAV,LATI,1813
LGAV,LBSF,2219
LGAV,LDDU,622
LGAV,LDSP,195
LGAV,LDZA,188
LGAV,LEBL,2095
LGAV,LEMD,2110
LGAV,LFPG,5530
LGAV,LIRF,5129
LGAV,LWSK,304
LGBL,EGKK,116
LGIR,EDDF,1483
LGIR,EDDM,1800
LGIR,EGKK,1837
LGIR,EGLL,157
LGIR,EHAM,1546
LGIR,LFPG,1056
LGIR,LIRF,200
LGKF,EGKK,951
LGKF,EGLL,124
LGKF,EHAM,312
LGKL,EDDM,270
LGKL,EGKK,278
LGKL,EGLL,198
LGKL,EHAM,140
LGKL,LFPG,106
LGKO,EDDF,571
LGKO,EDDM,678
LGKO,EGKK,845
LGKO,EGLL,107
LGKO,EHAM,932
LGKO,LIRF,120
LGKP,EHAM,242
LGKR,EDDF,524
LGKR,EDDM,602
LGKR,EGKK,1700
LGKR,EGLL,711
LGKR,EHAM,572
LGKR,EIDW,239
LGKR,LBSF,100
LGKR,LFPG,222
LGKR,LIRF,147
LGKV,EDDF,141
LGKV,EDDM,215
LGKV,EGKK,218
LGMK,EDDF,110
LGMK,EDDM,315
LGMK,EGKK,676
LGMK,EGLL,398
LGMK,EHAM,153
LGMK,LBSF,115
LGMK,LEBL,180
LGMK,LIRF,505
LGMT,EHAM,357
LGPZ,EDDF,101
LGPZ,EDDM,145
LGPZ,EGKK,714
LGPZ,EGLL,208
LGPZ,EHAM,462
LGPZ,LIRF,121
LGRP,EDDF,746
LGRP,EDDM,893
LGRP,EGKK,1326
LGRP,EGLL,127
LGRP,EHAM,817
LGRP,EIDW,119
LGRP,LFPG,425
LGRP,LIRF,312
LGSA,EDDF,251
LGSA,EDDM,230
LGSA,EGKK,824
LGSA,EGLL,220
LGSA,EHAM,221
LGSA,EIDW,198
LGSA,LBSF,102
LGSK,EGKK,206
LGSM,EHAM,332
LGSR,EDDF,180
LGSR,EDDM,238
LGSR,EGKK,791
LGSR,EGLL,390
LGSR,EHAM,213
LGSR,LEBL,167
LGSR,LEMD,107
LGSR,LIRF,658
LGTS,EDDF,1362
LGTS,EDDM,2371
LGTS,EGKK,1283
LGTS,EGLL,171
LGTS,EHAM,844
LGTS,LATI,239
LGTS,LBSF,144
LGTS,LFPG,156
LGZA,EDDM,120
LGZA,EGKK,1043
LGZA,EGLL,104
LGZA,EHAM,1039
LGZA,LIRF,203
LHBP,BKPR,120
LHBP,EDDF,4615
LHBP,EDDM,3564
LHBP,EGKK,1588
LHBP,EGLL,2656
LHBP,EHAM,3606
LHBP,EIDW,1638
LHBP,LATI,251
LHBP,LBBG,239
LHBP,LBSF,371
LHBP,LEBL,2019
LHBP,LEMD,1731
LHBP,LFPG,3757
LHBP,LIRF,1713
LHBP,LQSA,120
LHBP,LWSK,192
LHDC,EDDM,330
LIBD,EDDF,313
LIBD,EDDM,1358
LIBD,EGKK,689
LIBD,EHAM,647
LIBD,EIDW,186
LIBD,LATI,849
LIBD,LBSF,448
LIBD,LEBL,412
LIBD,LEMD,417
LIBD,LFPG,201
LIBD,LIRF,6304
LIBP,LATI,181
LIBP,LIRF,365
LIBR,EDDF,167
LIBR,EDDM,126
LIBR,EGKK,130
LIBR,EGLL,126
LIBR,LEBL,154
LIBR,LIRF,4569
LICA,EDDF,175
LICA,EDDM,394
LICA,LIRF,4460
LICB,LIRF,529
LICC,EDDF,776
LICC,EDDM,1243
LICC,EGKK,1415
LICC,EHAM,1007
LICC,EIDW,112
LICC,LBSF,296
LICC,LEBL,612
LICC,LEMD,511
LICC,LFPG,940
LICC,LIRF,16376
LICD,LIRF,279
LICJ,EDDF,246
LICJ,EDDM,699
LICJ,EGKK,460
LICJ,EGLL,199
LICJ,EHAM,100
LICJ,EIDW,167
LICJ,LEBL,537
LICJ,LEMD,414
LICJ,LFPG,347
LICJ,LIRF,12862
LICR,LIRF,2367
LICT,LIRF,729
LIEA,LEBL,132
LIEA,LEMD,133
LIEA,LIRF,3328
LIEE,EDDF,197
LIEE,EDDM,354
LIEE,EGKK,315
LIEE,EHAM,121
LIEE,LEBL,470
LIEE,LEMD,282
LIEE,LFPG,121
LIEE,LIRF,8255
LIEO,EDDF,478
LIEO,EDDM,1041
LIEO,EGKK,773
LIEO,EGLL,305
LIEO,EHAM,606
LIEO,LEBL,384
LIEO,LEMD,151
LIEO,LFPG,417
LIEO,LIRF,3454
LIMC,EDDF,4389
LIMC,EDDM,5210
LIMC,EGKK,4666
LIMC,EGLL,3261
LIMC,EHAM,5593
LIMC,EIDW,827
LIMC,LATI,2604
LIMC,LBSF,591
LIMC,LDSP,139
LIMC,LDZA,366
LIMC,LEBL,7213
LIMC,LEMD,5581
LIMC,LFPG,9420
LIMC,LIRF,4514
LIMC,LWSK,128
LIME,EDDF,425
LIME,EDDM,612
LIME,EGKK,187
LIME,EHAM,169
LIME,EIDW,1845
LIME,LATI,1492
LIME,LBSF,1230
LIME,LDZA,594
LIME,LEBL,2689
LIME,LEMD,1938
LIME,LFPG,515
LIME,LIRF,525
LIME,LQSA,105
LIME,LWSK,114
LIMF,EDDF,2893
LIMF,EDDM,3064
LIMF,EGKK,1643
LIMF,EHAM,1803
LIMF,EIDW,165
LIMF,LATI,443
LIMF,LEBL,1412
LIMF,LEMD,1701
LIMF,LFPG,2917
LIMF,LIRF,5475
LIMJ,EDDF,305
LIMJ,EDDM,1465
LIMJ,EGKK,526
LIMJ,EHAM,796
LIMJ,LATI,515
LIMJ,LEBL,213
LIMJ,LFPG,1465
LIMJ,LIRF,4259
LIML,EDDF,6454
LIML,EDDM,1142
LIML,EGKK,1859
LIML,EGLL,6256
LIML,EHAM,5159
LIML,EIDW,843
LIML,LBSF,102
LIML,LEBL,690
LIML,LEMD,3016
LIML,LFPG,6906
LIML,LIRF,14569
LIPB,LIRF,137
LIPE,EDDF,3170
LIPE,EDDM,2914
LIPE,EGKK,677
LIPE,EGLL,2299
LIPE,EHAM,2833
LIPE,EIDW,455
LIPE,LATI,1497
LIPE,LBSF,468
LIPE,LEBL,2529
LIPE,LEMD,3386
LIPE,LFPG,3436
LIPE,LIRF,2796
LIPH,EDDF,268
LIPH,EIDW,446
LIPH,LATI,367
LIPH,LBSF,191
LIPH,LEBL,452
LIPH,LWSK,229
LIPO,LIRF,501
LIPQ,EDDF,537
LIPQ,EDDM,1683
LIPQ,LIRF,3272
LIPR,LATI,260
LIPX,BKPR,183
LIPX,EDDF,2014
LIPX,EDDM,1828
LIPX,EGKK,2205
LIPX,EHAM,591
LIPX,EIDW,479
LIPX,LATI,1253
LIPX,LDZA,125
LIPX,LEBL,149
LIPX,LEMD,127
LIPX,LFPG,258
LIPX,LIRF,2679
LIPY,EDDM,1462
LIPY,LATI,612
LIPY,LIRF,960
LIPY,LQSA,395
LIPZ,EDDF,4212
LIPZ,EDDM,3376
LIPZ,EGKK,4998
LIPZ,EGLL,1857
LIPZ,EHAM,4086
LIPZ,EIDW,653
LIPZ,LATI,788
LIPZ,LDDU,194
LIPZ,LDSP,191
LIPZ,LEBL,3091
LIPZ,LEMD,3350
LIPZ,LFPG,7174
LIPZ,LIRF,4556
LIRA,EIDW,1574
LIRA,LBSF,680
LIRA,LEBL,189
LIRA,LEMD,2098
LIRA,LWSK,119
LIRF,EDDF,6005
LIRF,EDDM,6359
LIRF,EGKK,5448
LIRF,EGLL,7580
LIRF,EHAM,8435
LIRF,EIDW,1592
LIRF,LATI,3029
LIRF,LBSF,1297
LIRF,LDDU,624
LIRF,LDSP,1404
LIRF,LDZA,112
LIRF,LEBL,9671
LIRF,LEMD,9505
LIRF,LFPG,10494
LIRF,LWSK,237
LIRN,EDDF,1677
LIRN,EDDM,2812
LIRN,EGKK,2988
LIRN,EGLL,461
LIRN,EHAM,1842
LIRN,EIDW,804
LIRN,LBSF,408
LIRN,LEBL,2451
LIRN,LEMD,1465
LIRN,LFPG,2113
LIRN,LIRF,3035
LIRP,EDDF,474
LIRP,EDDM,981
LIRP,EGKK,1777
LIRP,EGLL,1133
LIRP,EHAM,962
LIRP,EIDW,576
LIRP,LATI,1510
LIRP,LBSF,116
LIRP,LEBL,407
LIRP,LEMD,891
LIRP,LFPG,472
LIRP,LIRF,2190
LIRQ,EDDF,3691
LIRQ,EDDM,2728
LIRQ,EGKK,1060
LIRQ,EHAM,3132
LIRQ,LATI,332
LIRQ,LEBL,1601
LIRQ,LEMD,1247
LIRQ,LFPG,4660
LIRQ,LIRF,2488
LIRZ,LATI,322
LIRZ,LIRF,310
LJLJ,BKPR,585
LJLJ,EDDF,2421
LJLJ,EDDM,1466
LJLJ,EGKK,426
LJLJ,EHAM,759
LJLJ,LATI,729
LJLJ,LFPG,1601
LJLJ,LQSA,1105
LJLJ,LWSK,664
LKMT,LBBG,339
LKPD,LBBG,117
LKPR,EDDF,5289
LKPR,EDDM,3086
LKPR,EGKK,1927
LKPR,EGLL,3561
LKPR,EHAM,6435
LKPR,EIDW,1471
LKPR,LATI,169
LKPR,LBBG,1159
LKPR,LBSF,617
LKPR,LDDU,321
LKPR,LDSP,528
LKPR,LDZA,355
LKPR,LEBL,2679
LKPR,LEMD,1751
LKPR,LFPG,6155
LKPR,LIRF,2315
LKTB,EDDM,459
LKTB,LBBG,353
LLBG,EDDF,3727
LLBG,EDDM,2481
LLBG,EGKK,370
LLBG,EGLL,3738
LLBG,EHAM,3685
LLBG,LBBG,869
LLBG,LBSF,1700
LLBG,LDZA,249
LLBG,LEBL,2568
LLBG,LEMD,3096
LLBG,LFPG,5754
LLBG,LIRF,5288
LLBG,LYTV,277
LMML,EDDF,2561
LMML,EDDM,1856
LMML,EGKK,2878
LMML,EGLL,1960
LMML,EHAM,920
LMML,EIDW,590
LMML,LBSF,408
LMML,LEBL,777
LMML,LEMD,894
LMML,LFPG,875
LMML,LIRF,2779
LMML,LWSK,128
LOWG,EDDF,2961
LOWG,EDDM,3103
LOWG,EHAM,523
LOWI,EDDF,2914
LOWI,EDDM,112
LOWI,EGKK,1733
LOWI,EGLL,375
LOWI,EHAM,990
LOWL,EDDF,2675
LOWS,EDDF,3212
LOWS,EDDM,134
LOWS,EGKK,1285
LOWS,EGLL,230
LOWS,EHAM,689
LOWS,EIDW,218
LOWW,BKPR,1607
LOWW,EDDF,11312
LOWW,EDDM,6679
LOWW,EGKK,1875
LOWW,EGLL,6613
LOWW,EHAM,7373
LOWW,EIDW,1239
LOWW,LATI,1899
LOWW,LBBG,204
LOWW,LBSF,3916
LOWW,LDDU,750
LOWW,LDSP,811
LOWW,LDZA,3481
LOWW,LEBL,4135
LOWW,LEMD,3363
LOWW,LFPG,7329
LOWW,LIRF,3851
LOWW,LQSA,1650
LOWW,LWSK,1573
LPCS,LEMD,154
LPFR,EDDF,1321
LPFR,EDDM,841
LPFR,EGKK,5513
LPFR,EGLL,705
LPFR,EHAM,2032
LPFR,EIDW,3678
LPFR,LEBL,238
LPFR,LEMD,413
LPFR,LFPG,491
LPMA,EDDF,606
LPMA,EDDM,502
LPMA,EGKK,1952
LPMA,EGLL,298
LPMA,EHAM,616
LPMA,LEMD,204
LPPD,EDDF,199
LPPD,EHAM,116
LPPR,EDDF,2867
LPPR,EDDM,1002
LPPR,EGKK,3046
LPPR,EGLL,859
LPPR,EHAM,2802
LPPR,EIDW,463
LPPR,LEBL,4267
LPPR,LEMD,9185
LPPR,LFPG,2146
LPPR,LIRF,178
LPPT,EDDF,5928
LPPT,EDDM,4356
LPPT,EGKK,3193
LPPT,EGLL,8253
LPPT,EHAM,7306
LPPT,EIDW,3160
LPPT,LBSF,161
LPPT,LDZA,244
LPPT,LEBL,7842
LPPT,LEMD,15419
LPPT,LFPG,5360
LPPT,LIRF,3726
LQSA,EDDF,240
LQSA,EDDM,600
LQSA,LDZA,2016
LRBC,EIDW,303
LRBC,LEMD,125
LRBC,LIRF,623
LRBS,LBSF,116
LRCL,EDDF,454
LRCL,EDDM,1900
LRCL,EGKK,110
LRCL,EIDW,373
LRCL,LEBL,680
LRCL,LEMD,528
LRCV,LEBL,171
LRCV,LEMD,198
LRIA,EDDM,207
LRIA,EIDW,119
LRIA,LEBL,243
LRIA,LEMD,114
LRIA,LIRF,382
LROP,EDDF,4029
LROP,EDDM,3317
LROP,EGKK,619
LROP,EGLL,2671
LROP,EHAM,4288
LROP,EIDW,1056
LROP,LBSF,2040
LROP,LEBL,2206
LROP,LEMD,3039
LROP,LFPG,4454
LROP,LIRF,2085
LRSB,EDDM,2225
LRSB,LEMD,190
LRSV,LIRF,104
LRTR,EDDF,415
LRTR,EDDM,2501
LRTR,LEBL,250
LRTR,LEMD,260
LRTR,LIRF,106
LSGG,BKPR,1290
LSGG,EDDF,6313
LSGG,EDDM,4149
LSGG,EGKK,7047
LSGG,EGLL,11308
LSGG,EHAM,7524
LSGG,EIDW,1443
LSGG,LATI,167
LSGG,LBSF,320
LSGG,LDDU,174
LSGG,LDSP,353
LSGG,LEBL,5359
LSGG,LEMD,5354
LSGG,LFPG,7619
LSGG,LIRF,3729
LSGG,LWSK,121
LSGS,EHAM,139
LSZB,EDDM,978
LSZB,EHAM,311
LSZH,BKPR,2744
LSZH,EDDF,8296
LSZH,EDDM,6566
LSZH,EGKK,1368
LSZH,EGLL,10343
LSZH,EHAM,9091
LSZH,EIDW,2245
LSZH,LATI,161
LSZH,LBSF,697
LSZH,LDDU,385
LSZH,LDSP,642
LSZH,LDZA,2074
LSZH,LEBL,4900
LSZH,LEMD,6413
LSZH,LFPG,7395
LSZH,LIRF,4506
LSZH,LQSA,254
LSZH,LWSK,1192
LSZR,EHAM,114
LTAC,EDDF,833
LTAC,EDDM,1286
LTAC,EHAM,184
LTAC,LFPG,184
LTAF,EDDF,260
LTAI,BKPR,705
LTAI,EDDF,3149
LTAI,EDDM,3251
LTAI,EGKK,2111
LTAI,EHAM,1988
LTAI,LATI,450
LTAI,LBSF,518
LTAI,LFPG,352
LTAI,LQSA,275
LTAI,LWSK,493
LTAJ,EDDF,169
LTAN,EHAM,249
LTAU,EDDF,280
LTAU,EDDM,147
LTAU,EHAM,282
LTBA,BKPR,952
LTBA,EDDF,4831
LTBA,EDDM,2346
LTBA,EGKK,1239
LTBA,EGLL,3955
LTBA,EHAM,3810
LTBA,EIDW,972
LTBA,LATI,1097
LTBA,LBSF,1249
LTBA,LDDU,320
LTBA,LDZA,1023
LTBA,LEBL,1813
LTBA,LEMD,1931
LTBA,LFPG,4675
LTBA,LIRF,2353
LTBA,LQSA,1074
LTBA,LWSK,1046
LTBJ,EDDF,1718
LTBJ,EDDM,1868
LTBJ,EGKK,374
LTBJ,EHAM,968
LTBJ,EIDW,266
LTBJ,LFPG,306
LTBS,EDDF,248
LTBS,EDDM,204
LTBS,EGKK,2269
LTBS,EGLL,125
LTBS,EHAM,483
LTFE,EDDF,218
LTFE,EDDM,264
LTFE,EGKK,808
LTFE,EHAM,552
LTFE,LBSF,207
LTFG,EHAM,166
LTFJ,BKPR,1015
LTFJ,EDDF,2473
LTFJ,EDDM,2183
LTFJ,EGKK,761
LTFJ,EHAM,3711
LTFJ,LATI,824
LTFJ,LEBL,1550
LTFJ,LEMD,920
LTFJ,LFPG,1280
LTFJ,LIRF,1720
LTFJ,LQSA,1094
LTFJ,LWSK,798
LTFM,BKPR,569
LTFM,EDDF,2790
LTFM,EDDM,1375
LTFM,EGKK,783
LTFM,EGLL,3054
LTFM,EHAM,2314
LTFM,EIDW,707
LTFM,LATI,763
LTFM,LBSF,1062
LTFM,LDDU,219
LTFM,LDZA,705
LTFM,LEBL,1180
LTFM,LEMD,1188
LTFM,LFPG,3140
LTFM,LIRF,1284
LTFM,LQSA,836
LTFM,LWSK,675
LTFM,LYTV,218
LUKK,EDDF,881
LUKK,EDDM,350
LUKK,EIDW,667
LUKK,LEBL,388
LUKK,LFPG,154
LUKK,LIRF,562
LWOH,EHAM,223
LWSK,LBSF,264
LWSK,LDZA,1037
LWSK,LEBL,155
LWSK,LIRF,245
LXGB,EGKK,1390
LXGB,EGLL,1392
LYBE,EDDF,2662
LYBE,EDDM,1789
LYBE,EGLL,1049
LYBE,EHAM,1779
LYBE,LATI,1231
LYBE,LBSF,1345
LYBE,LDDU,318
LYBE,LDSP,436
LYBE,LDZA,1812
LYBE,LEBL,423
LYBE,LEMD,122
LYBE,LFPG,1968
LYBE,LIRF,1383
LYBE,LQSA,983
LYBE,LWSK,1229
LYBE,LYTV,4098
LYPG,EDDF,360
LYPG,LDZA,111
LYPG,LFPG,404
LYPG,LIRF,688
LYPG,LYTV,143
LYTV,EDDM,101
LYTV,EGKK,247
LZIB,EIDW,803
LZIB,LBBG,300
LZIB,LBSF,267
LZIB,LDSP,103
LZIB,LDZA,123
LZIB,LEMD,208
LZIB,LWSK,705
LZKZ,LBBG,120
MDLR,EDDF,248
MDLR,EDDM,102
MDLR,LIRF,104
MDPC,EDDF,884
MDPC,EDDM,269
MDPC,EGKK,610
MDPC,LEMD,858
MDPC,LFPG,632
MDPP,EDDF,144
MDSD,EDDF,307
MDSD,LEMD,2086
MDSD,LFPG,363
MHLM,LEMD,137
MKJP,EGKK,419
MKJS,EDDF,313
MKJS,EDDM,102
MKJS,EGKK,644
MKJS,EGLL,118
MKJS,EHAM,104
MMGL,EDDF,217
MMGL,LEMD,106
MMGL,LFPG,123
MMMX,EDDF,979
MMMX,EDDM,441
MMMX,EGLL,1565
MMMX,EHAM,1778
MMMX,LEBL,333
MMMX,LEMD,3768
MMMX,LFPG,2272
MMMX,LIRF,285
MMMY,LEMD,106
MMPR,EGKK,104
MMUN,EDDF,1027
MMUN,EDDM,161
MMUN,EGKK,1402
MMUN,EHAM,395
MMUN,LEMD,1025
MMUN,LFPG,653
MMUN,LIRF,154
MPTO,EDDF,408
MPTO,EHAM,1028
MPTO,LEMD,1032
MPTO,LFPG,749
MRLB,EHAM,108
MROC,EDDF,220
MROC,EGKK,215
MROC,LEMD,940
MROC,LFPG,303
MSLP,LEMD,666
MUHA,EDDF,352
MUHA,EGKK,189
MUHA,EHAM,435
MUHA,LEMD,2168
MUHA,LFPG,998
MUHA,LIRF,215
MUHG,EDDF,175
MUVR,EDDF,297
MYNN,EGLL,633
OBBI,EDDF,948
OBBI,EGLL,2696
OBBI,LFPG,796
OEDF,EDDF,382
OEDF,EHAM,567
OEJN,EDDF,1035
OEJN,EDDM,235
OEJN,EGLL,1452
OEJN,EHAM,848
OEJN,LEMD,482
OEJN,LFPG,873
OEJN,LIRF,397
OERK,EDDF,1530
OERK,EDDM,371
OERK,EGLL,1920
OERK,LEMD,114
OERK,LFPG,983
OERK,LIRF,470
OERK,LQSA,204
OIIE,EDDF,1176
OIIE,EDDM,192
OIIE,EGLL,657
OIIE,EHAM,298
OIIE,LFPG,427
OIIE,LIRF,499
OJAI,EDDF,1530
OJAI,EDDM,127
OJAI,EGLL,1765
OJAI,EHAM,524
OJAI,LEBL,322
OJAI,LEMD,564
OJAI,LFPG,1411
OJAI,LIRF,850
OKBK,EDDF,1111
OKBK,EDDM,240
OKBK,EGLL,1891
OKBK,EHAM,586
OKBK,LFPG,417
OKBK,LIRF,465
OKBK,LQSA,114
OKKK,EGLL,107
OLBA,EDDF,2227
OLBA,EGLL,2313
OLBA,EHAM,174
OLBA,LEBL,185
OLBA,LEMD,205
OLBA,LFPG,2941
OLBA,LIRF,1406
OMAA,EDDF,2148
OMAA,EDDM,1530
OMAA,EGLL,3948
OMAA,EHAM,1913
OMAA,EIDW,1219
OMAA,LEBL,448
OMAA,LEMD,776
OMAA,LFPG,1751
OMAA,LIRF,1502
OMAA,LQSA,110
OMDB,EDDF,3936
OMDB,EDDM,2487
OMDB,EGKK,2357
OMDB,EGLL,9741
OMDB,EHAM,3516
OMDB,EIDW,1692
OMDB,LATI,163
OMDB,LBBG,131
OMDB,LBSF,559
OMDB,LDZA,540
OMDB,LEBL,1751
OMDB,LEMD,1725
OMDB,LFPG,5047
OMDB,LIRF,2076
OMDB,LQSA,738
OMDB,LWSK,201
OMDW,EDDF,1094
OMDW,EGLL,299
OMDW,EHAM,873
OMDW,LBSF,206
OMDW,LEMD,101
OMDW,LFPG,128
OMSJ,EDDF,173
OMSJ,EGLL,162
OMSJ,EHAM,394
OMSJ,LQSA,101
OOMS,EDDF,813
OOMS,EDDM,755
OOMS,EGLL,1609
OOMS,LFPG,717
OPIS,EGLL,560
OPKC,EGLL,192
OPLA,EGLL,487
OPRN,EGLL,235
ORER,EDDF,367
ORER,EDDM,125
OTHH,EDDF,3284
OTHH,EDDM,1933
OTHH,EGKK,879
OTHH,EGLL,6730
OTHH,EHAM,2285
OTHH,EIDW,782
OTHH,LBSF,841
OTHH,LDZA,1172
OTHH,LEBL,2055
OTHH,LEMD,2401
OTHH,LFPG,3445
OTHH,LIRF,2110
OTHH,LQSA,201
OTHH,LWSK,168
PANC,EDDF,135
RCTP,EDDF,945
RCTP,EGKK,190
RCTP,EGLL,209
RCTP,EHAM,1314
RCTP,LFPG,831
RCTP,LIRF,152
RJAA,EDDF,1312
RJAA,EGLL,638
RJAA,EHAM,1267
RJAA,LEMD,230
RJAA,LFPG,1721
RJAA,LIRF,633
RJBB,EDDF,484
RJBB,EDDM,113
RJBB,EHAM,692
RJBB,LFPG,813
RJGG,EDDF,373
RJTT,EDDF,2598
RJTT,EDDM,1313
RJTT,EGLL,3249
RJTT,LFPG,2854
RKSI,EDDF,4638
RKSI,EDDM,684
RKSI,EGLL,2555
RKSI,EHAM,1895
RKSI,LEBL,419
RKSI,LEMD,323
RKSI,LFPG,2564
RKSI,LIRF,1277
SAEZ,EDDF,981
SAEZ,EGKK,202
SAEZ,EGLL,687
SAEZ,EHAM,738
SAEZ,LEBL,650
SAEZ,LEMD,3416
SAEZ,LFPG,842
SAEZ,LIRF,1211
SBFZ,EHAM,109
SBFZ,LFPG,182
SBGL,EDDF,639
SBGL,EGLL,723
SBGL,EHAM,857
SBGL,LEMD,526
SBGL,LFPG,1091
SBGL,LIRF,566
SBGR,EDDF,1879
SBGR,EDDM,203
SBGR,EGLL,1849
SBGR,EHAM,1015
SBGR,LEBL,690
SBGR,LEMD,2950
SBGR,LFPG,2485
SBGR,LIRF,1186
SBRF,EDDF,122
SBRF,LEMD,112
SBSV,LEMD,282
SCEL,EGLL,348
SCEL,LEMD,2077
SCEL,LFPG,847
SCEL,LIRF,331
SEGU,EHAM,882
SEGU,LEMD,956
SEQM,LEMD,671
SGAS,LEMD,463
SKBO,EDDF,761
SKBO,EDDM,119
SKBO,EGLL,747
SKBO,LEBL,880
SKBO,LEMD,4139
SKBO,LFPG,846
SKCG,EHAM,494
SKCL,EHAM,103
SKCL,LEMD,708
SKRG,LEMD,643
SLVR,LEMD,997
SMJP,EHAM,1049
SPIM,LEMD,268
SPJC,EGKK,125
SPJC,EHAM,898
SPJC,LEBL,180
SPJC,LEMD,2714
SPJC,LFPG,541
SUMU,LEMD,1086
SVMI,LEMD,1022
SVMI,LFPG,438
TAPA,EGKK,1143
TAPA,EGLL,130
TBPB,EDDF,308
TBPB,EGKK,1826
TBPB,EGLL,645
TFFF,LFPG,383
TFFR,LFPG,454
TJBQ,EHAM,856
TJSJ,LEMD,377
TLPL,EGKK,1310
TNCA,EHAM,483
TNCB,EHAM,1011
TNCC,EHAM,2216
TNCM,EHAM,135
TNCM,LFPG,637
TXKF,EGKK,545
TXKF,EGLL,171
UAAA,EDDF,826
UAAA,EHAM,239
UACC,EDDF,1237
UACC,EGLL,439
UACC,LFPG,220
UARR,EDDF,109
UATG,EHAM,612
UBBB,EDDF,619
UBBB,EGLL,629
UBBB,EHAM,595
UBBB,LFPG,289
UDYZ,EDDF,220
UDYZ,LFPG,510
UGKO,LEBL,121
UGKO,LIRF,123
UGTB,EDDF,130
UGTB,EDDM,905
UGTB,EGKK,109
UGTB,EHAM,289
UGTB,LFPG,299
UKBB,EDDF,2489
UKBB,EDDM,2040
UKBB,EGKK,1234
UKBB,EGLL,586
UKBB,EHAM,2311
UKBB,LBBG,157
UKBB,LBSF,634
UKBB,LEBL,1074
UKBB,LEMD,364
UKBB,LFPG,2359
UKBB,LIRF,958
UKBB,LYTV,342
UKHH,LYTV,122
UKKK,EDDF,161
UKKK,LEBL,179
UKKK,LIRF,419
UKKK,LYTV,271
UKLL,EDDM,508
UKLL,LIRF,173
UKOO,LYTV,110
ULLI,EDDF,1820
ULLI,EDDM,1551
ULLI,EGKK,245
ULLI,EGLL,567
ULLI,EHAM,934
ULLI,LBBG,712
ULLI,LEBL,943
ULLI,LFPG,1607
ULLI,LIRF,890
ULLI,LYTV,577
UMMS,EDDF,1221
UMMS,EGKK,372
UMMS,EHAM,725
UMMS,LBBG,492
UMMS,LEBL,424
UMMS,LFPG,700
UMMS,LIRF,429
UMMS,LYTV,310
UNKL,EDDF,501
UNKL,EHAM,179
UNNT,EDDF,530
UNNT,EHAM,107
USSS,LBBG,146
USSS,LEBL,129
UTAA,EDDF,173
UTAA,EGLL,109
UTSA,EDDF,115
UTTT,EDDF,314
UTTT,EGLL,258
UTTT,LFPG,169
UTTT,LIRF,107
UUBW,LIRF,124
UUDD,EDDF,2839
UUDD,EDDM,2922
UUDD,EGKK,158
UUDD,EGLL,1709
UUDD,EHAM,130
UUDD,LBBG,1523
UUDD,LEBL,1752
UUDD,LEMD,481
UUDD,LFPG,100
UUDD,LIRF,298
UUDD,LYTV,2226
UUEE,EDDF,4620
UUEE,EDDM,2772
UUEE,EGKK,178
UUEE,EGLL,2962
UUEE,EHAM,4637
UUEE,EIDW,175
UUEE,LBBG,758
UUEE,LBSF,1132
UUEE,LDSP,351
UUEE,LDZA,627
UUEE,LEBL,2547
UUEE,LEMD,1477
UUEE,LFPG,6090
UUEE,LIRF,3762
UUEE,LYTV,872
UUWW,EDDF,259
UUWW,EDDM,573
UUWW,EGLL,183
UUWW,LBBG,305
UUWW,LEBL,435
UUWW,LIRF,168
UUWW,LYTV,524
UWKD,EDDF,134
VAAH,EGLL,347
VABB,EDDF,1383
VABB,EDDM,717
VABB,EGLL,4548
VABB,EHAM,858
VABB,LFPG,1464
VCBI,EDDF,240
VCBI,EGLL,1050
VCBI,LFPG,244
VGHS,EGLL,384
VGSY,EGLL,138
VHHH,EDDF,1703
VHHH,EDDM,492
VHHH,EGKK,354
VHHH,EGLL,6177
VHHH,EHAM,1416
VHHH,LEBL,129
VHHH,LEMD,328
VHHH,LFPG,1764
VHHH,LIRF,449
VIDP,EDDF,2305
VIDP,EDDM,731
VIDP,EGLL,5490
VIDP,EHAM,1294
VIDP,LEMD,172
VIDP,LFPG,1837
VIDP,LIRF,676
VOBL,EDDF,1049
VOBL,EGLL,1057
VOBL,EHAM,298
VOBL,LFPG,782
VOCI,EGLL,104
VOGO,EGKK,173
VOHS,EDDF,127
VOHS,EGLL,940
VOMM,EDDF,653
VOMM,EGLL,842
VOMM,LFPG,217
VRMM,EDDF,446
VRMM,EGKK,133
VRMM,EGLL,189
VRMM,LIRF,185
VTBS,EDDF,2254
VTBS,EDDM,1032
VTBS,EGLL,3159
VTBS,EHAM,1768
VTBS,LFPG,1594
VTBS,LIRF,348
VTSP,EDDF,244
VVNB,EDDF,661
VVNB,EGLL,373
VVNB,LFPG,718
VVTS,EDDF,533
VVTS,EGLL,274
VVTS,LFPG,635
WBSB,EGLL,206
WIII,EHAM,385
WMKK,EDDF,159
WMKK,EGLL,2271
WMKK,EHAM,887
WMKK,LFPG,160
WSSS,EDDF,2637
WSSS,EDDM,1157
WSSS,EGLL,5665
WSSS,EHAM,2174
WSSS,LEBL,179
WSSS,LFPG,1964
WSSS,LIRF,336
YPDN,EGLL,127
YPPH,EGLL,392
ZBAA,EDDF,3016
ZBAA,EDDM,1045
ZBAA,EGLL,2724
ZBAA,EHAM,1309
ZBAA,EIDW,147
ZBAA,LEBL,132
ZBAA,LEMD,456
ZBAA,LFPG,2680
ZBAA,LIRF,753
ZGGG,EDDF,458
ZGGG,EGLL,819
ZGGG,EHAM,1154
ZGGG,LFPG,1163
ZGHA,EDDF,240
ZGHA,EGLL,102
ZGSZ,EDDF,304
ZHCC,EDDF,111
ZHCC,EHAM,299
ZHHH,EDDF,102
ZHHH,EGLL,107
ZHHH,LFPG,274
ZHHH,LIRF,208
ZLXY,LFPG,238
ZLXY,LIRF,175
ZPPP,LFPG,236
ZSAM,EHAM,536
ZSHC,EHAM,223
ZSNJ,EDDF,379
ZSNJ,EHAM,142
ZSPD,EDDF,5387
ZSPD,EDDM,831
ZSPD,EGKK,140
ZSPD,EGLL,3052
ZSPD,EHAM,4077
ZSPD,LEBL,161
ZSPD,LEMD,609
ZSPD,LFPG,3158
ZSPD,LIRF,648
ZSQD,EDDF,194
ZSQD,EGLL,183
ZUCK,EDDF,367
ZUCK,EGLL,193
ZUCK,EHAM,756
ZUCK,LIRF,187
ZUUU,EDDF,274
ZUUU,EGLL,249
ZUUU,EHAM,415
ZUUU,LEMD,135
ZUUU,LFPG,321
ZYTX,EDDF,175
